"","baseMean","log2FoldChange","lfcSE","stat","pvalue","padj"
"hyal3",35.3499528216463,2.64693037241833,0.539302752805368,4.90806019188557,9.19816272901173e-07,0.0184211604973918
