"","baseMean","log2FoldChange","lfcSE","stat","pvalue","padj"
"ttc6",118.129661066898,5.28262293339253,1.02717512446565,5.14286493857671,2.70580149756218e-07,0.00545246059773754
