"","baseMean","log2FoldChange","lfcSE","stat","pvalue","padj"
"ttc6",118.489683590111,5.28323257726206,1.03013212692272,5.12869411523401,2.91758956583224e-07,0.00584305662349222
