"","baseMean","log2FoldChange","lfcSE","stat","pvalue","padj"
"si:dkey-32n7.4",78.5415440830668,2.86226535513449,0.545965455847805,5.24257592577869,1.58350197601927e-07,0.00334625637572393
